Epoch,PPL,TPPL,VPPL
1,8597.2,8597.2, 
1,5439.2,5439.2, 
1,4233.99,4233.99, 
1,3894.16,3894.16, 
1,3514.14,3514.14, 
1,3267.63,3267.63, 
1,3295.75,3295.75, 
1,2790.5,2790.5, 
1,2822.44,2822.44, 
1,2907.71,2907.71, 
1,2728.25,2728.25, 
1,2485.56,2485.56, 
1,2524.35,2524.35, 
1,2646.48,2646.48, 
1,2537.89,2537.89, 
1,2197.32,2197.32, 
1,2394.2,2394.2, 
1,2165.7,2165.7, 
1,2288.55,2288.55, 
1,2102.62,2102.62, 
1,2234.05,2234.05, 
1,2097.1,2097.1, 
1,2140.97,2140.97, 
1,2329.53,2329.53, 
1,2175.17,2175.17, 
1,2109.13,2109.13, 
1,2090.1,2090.1, 
1,1890.84,1890.84, 
1,1886.45,1886.45, 
1,1899.66,1899.66, 
1,1840.84,1840.84, 
1,1782.19,1782.19, 
1,1688.1,1688.1, 
1,1790.74,1790.74, 
1,1701.63,1701.63, 
1,1624.85,1624.85, 
1,1688.55,1688.55, 
1,1670.15,1670.15, 
1,1517.98,1517.98, 
1,1513.27,1513.27, 
1,1431.19,1431.19, 
1,1436.56,1436.56, 
1,1452.02,1452.02, 
1,1236.89,1236.89, 
1,1168.33,1168.33, 
1,1244.77,1244.77, 
1,1248.51,1248.51, 
1,1178.54,1178.54, 
1,1261.1,1261.1, 
1,1168.46,1168.46, 
1,1175.29,1175.29, 
1,1070.89,1070.89, 
1,1080.52,1080.52, 
1,1173.71,1173.71, 
1,1029.21,1029.21, 
1,1102.85,1102.85, 
1,1051.62,1051.62, 
1,1053.72,1053.72, 
1,967.55,967.55, 
1,962.7,962.7, 
1,1006.96,1006.96, 
1,987.81,987.81, 
1,898.87,898.87, 
1,965,965, 
1,905.18,905.18, 
1,921.4,921.4, 
1,886.12,886.12, 
1,904.61,904.61, 
1,857.27,857.27, 
1,878.03,878.03, 
1,840.99,840.99, 
1,772.11,772.11, 
1,831.02,831.02, 
1,826.35,826.35, 
1,776.98,776.98, 
1,805.85,805.85, 
1,760.9,760.9, 
1,725.32,725.32, 
1,799.42,799.42, 
1,820.55,820.55, 
1,853.23,853.23, 
1,730.08,730.08, 
1,751.49,751.49, 
1,734.27,734.27, 
1,703.12,703.12, 
1,670.01,670.01, 
1,622.31,622.31, 
1,684.71,684.71, 
1,698.32,698.32, 
1,731.48,731.48, 
1,660.23,660.23, 
1,669.28,669.28, 
1,744.65,744.65, 
1,689.15,689.15, 
1,586.29,586.29, 
1,642.47,642.47, 
1,679.26,679.26, 
1,626.89,626.89, 
1,523.43,523.43, 
1,581.59,581.59, 
1,583.63,583.63, 
1,602.83,602.83, 
1,537.43,537.43, 
1,425.74,425.74, 
1,601.11,601.11, 
1,548.28,548.28, 
1,545.25,545.25, 
1,587,587, 
1,586.13,586.13, 
1,497.12,497.12, 
1,569.15,569.15, 
1,548.52,548.52, 
1,590.42,590.42, 
1,596.07,596.07, 
1,558.51,558.51, 
1,499.85,499.85, 
1,514.57,514.57, 
1,505.61,505.61, 
1,568.86,568.86, 
1,552.39,552.39, 
1,505.5,505.5, 
1,481.77,481.77, 
1,423.15,423.15, 
1,554.25,554.25, 
1,446.29,446.29, 
1,558.35,558.35, 
1,558.35,558.35,447.88
2,464.97,464.97,447.88
2,542.64,542.64,447.88
2,498.61,498.61,447.88
2,479.08,479.08,447.88
2,455.21,455.21,447.88
2,525.23,525.23,447.88
2,414.66,414.66,447.88
2,411.44,411.44,447.88
2,457.76,457.76,447.88
2,453.16,453.16,447.88
2,471.5,471.5,447.88
2,464.11,464.11,447.88
2,440.76,440.76,447.88
2,405.77,405.77,447.88
2,419.66,419.66,447.88
2,380.52,380.52,447.88
2,383.34,383.34,447.88
2,456.94,456.94,447.88
2,409.32,409.32,447.88
2,385.43,385.43,447.88
2,382.91,382.91,447.88
2,329.45,329.45,447.88
2,465,465,447.88
2,364.88,364.88,447.88
2,387.12,387.12,447.88
2,402.71,402.71,447.88
2,358.81,358.81,447.88
2,420.65,420.65,447.88
2,401.98,401.98,447.88
2,383.01,383.01,447.88
2,333.67,333.67,447.88
2,303.26,303.26,447.88
2,328.36,328.36,447.88
2,299.86,299.86,447.88
2,356.34,356.34,447.88
2,378.6,378.6,447.88
2,353.32,353.32,447.88
2,331.98,331.98,447.88
2,351.66,351.66,447.88
2,247.75,247.75,447.88
2,290.98,290.98,447.88
2,282.17,282.17,447.88
2,338.57,338.57,447.88
2,354.28,354.28,447.88
2,281.16,281.16,447.88
2,319.33,319.33,447.88
2,302.97,302.97,447.88
2,335.53,335.53,447.88
2,307.38,307.38,447.88
2,289,289,447.88
2,367.71,367.71,447.88
2,339.06,339.06,447.88
2,267.03,267.03,447.88
2,266.38,266.38,447.88
2,321.98,321.98,447.88
2,285.68,285.68,447.88
2,268.86,268.86,447.88
2,293.43,293.43,447.88
2,315.56,315.56,447.88
2,254.33,254.33,447.88
2,320.41,320.41,447.88
2,245.47,245.47,447.88
2,318.27,318.27,447.88
2,267.89,267.89,447.88
2,292.94,292.94,447.88
2,255.64,255.64,447.88
2,236.44,236.44,447.88
2,234.48,234.48,447.88
2,263.73,263.73,447.88
2,257.19,257.19,447.88
2,280.66,280.66,447.88
2,273.32,273.32,447.88
2,272.24,272.24,447.88
2,244.77,244.77,447.88
2,227.92,227.92,447.88
2,303.39,303.39,447.88
2,256.65,256.65,447.88
2,265.11,265.11,447.88
2,235.31,235.31,447.88
2,251.5,251.5,447.88
2,184.76,184.76,447.88
2,227.49,227.49,447.88
2,217,217,447.88
2,229.82,229.82,447.88
2,222.42,222.42,447.88
2,285.08,285.08,447.88
2,209.16,209.16,447.88
2,259.64,259.64,447.88
2,234.35,234.35,447.88
2,209,209,447.88
2,253.19,253.19,447.88
2,255.34,255.34,447.88
2,255.57,255.57,447.88
2,202.5,202.5,447.88
2,239.82,239.82,447.88
2,239.83,239.83,447.88
2,204.13,204.13,447.88
2,218.07,218.07,447.88
2,266.5,266.5,447.88
2,248.09,248.09,447.88
2,243.21,243.21,447.88
2,210.61,210.61,447.88
2,236.37,236.37,447.88
2,186.75,186.75,447.88
2,190.7,190.7,447.88
2,182.98,182.98,447.88
2,209.44,209.44,447.88
2,220.89,220.89,447.88
2,195.54,195.54,447.88
2,233.08,233.08,447.88
2,216.15,216.15,447.88
2,206.6,206.6,447.88
2,206,206,447.88
2,205.26,205.26,447.88
2,160.85,160.85,447.88
2,176.47,176.47,447.88
2,174.17,174.17,447.88
2,198.42,198.42,447.88
2,168.38,168.38,447.88
2,197.22,197.22,447.88
2,215.3,215.3,447.88
2,181.47,181.47,447.88
2,163.14,163.14,447.88
2,210.59,210.59,447.88
2,193.38,193.38,447.88
2,178.08,178.08,447.88
2,178.08,178.08,160.59
3,191.49,191.49,160.59
3,181.52,181.52,160.59
3,201.26,201.26,160.59
3,165.32,165.32,160.59
3,184.73,184.73,160.59
3,153.09,153.09,160.59
3,163.92,163.92,160.59
3,154.77,154.77,160.59
3,145.4,145.4,160.59
3,149.88,149.88,160.59
3,161.54,161.54,160.59
3,187.07,187.07,160.59
3,190.37,190.37,160.59
3,175.74,175.74,160.59
3,156.49,156.49,160.59
3,165.37,165.37,160.59
3,126.02,126.02,160.59
3,170.29,170.29,160.59
3,164.29,164.29,160.59
3,163.72,163.72,160.59
3,156.29,156.29,160.59
3,157.76,157.76,160.59
3,156.33,156.33,160.59
3,153.85,153.85,160.59
3,188.93,188.93,160.59
3,126.44,126.44,160.59
3,130.69,130.69,160.59
3,144.12,144.12,160.59
3,146.4,146.4,160.59
3,143.21,143.21,160.59
3,162.76,162.76,160.59
3,132.84,132.84,160.59
3,164.08,164.08,160.59
3,145.11,145.11,160.59
3,146.51,146.51,160.59
3,130.9,130.9,160.59
3,151.65,151.65,160.59
3,145.79,145.79,160.59
3,142.63,142.63,160.59
3,152.35,152.35,160.59
3,131.12,131.12,160.59
3,124.93,124.93,160.59
3,146.05,146.05,160.59
3,152.42,152.42,160.59
3,119.17,119.17,160.59
3,139.49,139.49,160.59
3,158.35,158.35,160.59
3,135.03,135.03,160.59
3,162.34,162.34,160.59
3,126.96,126.96,160.59
3,130.51,130.51,160.59
3,114.78,114.78,160.59
3,117.81,117.81,160.59
3,122.28,122.28,160.59
3,126.06,126.06,160.59
3,155.96,155.96,160.59
3,159.28,159.28,160.59
3,137.47,137.47,160.59
3,126.88,126.88,160.59
3,115.66,115.66,160.59
3,133.85,133.85,160.59
3,127.39,127.39,160.59
3,107.07,107.07,160.59
3,120.13,120.13,160.59
3,136.98,136.98,160.59
3,97.76,97.76,160.59
3,135.03,135.03,160.59
3,130.13,130.13,160.59
3,117.55,117.55,160.59
3,128.46,128.46,160.59
3,128.58,128.58,160.59
3,143.85,143.85,160.59
3,121.73,121.73,160.59
3,124.73,124.73,160.59
3,132.38,132.38,160.59
3,124.53,124.53,160.59
3,131.65,131.65,160.59
3,86.42,86.42,160.59
3,109.87,109.87,160.59
3,114.78,114.78,160.59
3,132.41,132.41,160.59
3,117.88,117.88,160.59
3,131.34,131.34,160.59
3,102.22,102.22,160.59
3,119.83,119.83,160.59
3,110.61,110.61,160.59
3,117.7,117.7,160.59
3,116.77,116.77,160.59
3,101.89,101.89,160.59
3,111.73,111.73,160.59
3,108.98,108.98,160.59
3,128.65,128.65,160.59
3,109.77,109.77,160.59
3,120.21,120.21,160.59
3,82.86,82.86,160.59
3,119.02,119.02,160.59
3,99.85,99.85,160.59
3,104.44,104.44,160.59
3,124.13,124.13,160.59
3,91.1,91.1,160.59
3,128.27,128.27,160.59
3,111.77,111.77,160.59
3,95.98,95.98,160.59
3,86.19,86.19,160.59
3,113.66,113.66,160.59
3,102.81,102.81,160.59
3,101.18,101.18,160.59
3,74.47,74.47,160.59
3,90.13,90.13,160.59
3,78.76,78.76,160.59
3,102.67,102.67,160.59
3,92.76,92.76,160.59
3,120.14,120.14,160.59
3,100.37,100.37,160.59
3,88.05,88.05,160.59
3,95.25,95.25,160.59
3,104.09,104.09,160.59
3,97.11,97.11,160.59
3,88.55,88.55,160.59
3,98.8,98.8,160.59
3,91.74,91.74,160.59
3,108.38,108.38,160.59
3,119.06,119.06,160.59
3,105.96,105.96,160.59
3,71.65,71.65,160.59
3,100.33,100.33,160.59
3,100.33,100.33,79.13
4,91.59,91.59,79.13
4,108.48,108.48,79.13
4,80.61,80.61,79.13
4,92.97,92.97,79.13
4,96.78,96.78,79.13
4,79.59,79.59,79.13
4,95.98,95.98,79.13
4,70.93,70.93,79.13
4,90.86,90.86,79.13
4,79.74,79.74,79.13
4,79.35,79.35,79.13
4,92.33,92.33,79.13
4,83.78,83.78,79.13
4,90.22,90.22,79.13
4,89.73,89.73,79.13
4,72.78,72.78,79.13
4,95.18,95.18,79.13
4,97.33,97.33,79.13
4,81.06,81.06,79.13
4,85.28,85.28,79.13
4,83.36,83.36,79.13
4,100.75,100.75,79.13
4,68.92,68.92,79.13
4,102.25,102.25,79.13
4,87.65,87.65,79.13
4,97.62,97.62,79.13
4,95.12,95.12,79.13
4,75.92,75.92,79.13
4,74.21,74.21,79.13
4,86,86,79.13
4,75.12,75.12,79.13
4,76.45,76.45,79.13
4,83.73,83.73,79.13
4,70.01,70.01,79.13
4,81.38,81.38,79.13
4,76.4,76.4,79.13
4,71.86,71.86,79.13
4,81.04,81.04,79.13
4,82.11,82.11,79.13
4,85.93,85.93,79.13
4,71.45,71.45,79.13
4,72.66,72.66,79.13
4,71.77,71.77,79.13
4,83.68,83.68,79.13
4,80.54,80.54,79.13
4,82.77,82.77,79.13
4,85.49,85.49,79.13
4,86.47,86.47,79.13
4,96.79,96.79,79.13
4,77.93,77.93,79.13
4,78.23,78.23,79.13
4,80.8,80.8,79.13
4,82.35,82.35,79.13
4,58.77,58.77,79.13
4,73.05,73.05,79.13
4,55.29,55.29,79.13
4,55.19,55.19,79.13
4,72.4,72.4,79.13
4,87.67,87.67,79.13
4,91.68,91.68,79.13
4,80.58,80.58,79.13
4,78.78,78.78,79.13
4,71.9,71.9,79.13
4,87.56,87.56,79.13
4,76.45,76.45,79.13
4,66.13,66.13,79.13
4,74.33,74.33,79.13
4,76.41,76.41,79.13
4,62.66,62.66,79.13
4,60.56,60.56,79.13
4,77.77,77.77,79.13
4,86.36,86.36,79.13
4,79.83,79.83,79.13
4,78.99,78.99,79.13
4,62.53,62.53,79.13
4,74.73,74.73,79.13
4,71.91,71.91,79.13
4,69.13,69.13,79.13
4,61.24,61.24,79.13
4,63.36,63.36,79.13
4,65.9,65.9,79.13
4,61.67,61.67,79.13
4,62.04,62.04,79.13
4,65.45,65.45,79.13
4,65.66,65.66,79.13
4,47.3,47.3,79.13
4,73.48,73.48,79.13
4,58.27,58.27,79.13
4,61.83,61.83,79.13
4,64.93,64.93,79.13
4,60.49,60.49,79.13
4,56.95,56.95,79.13
4,59.41,59.41,79.13
4,69.19,69.19,79.13
4,55.09,55.09,79.13
4,68.91,68.91,79.13
4,77.66,77.66,79.13
4,58.54,58.54,79.13
4,70.77,70.77,79.13
4,66.54,66.54,79.13
4,65.69,65.69,79.13
4,69.41,69.41,79.13
4,68.05,68.05,79.13
4,57.84,57.84,79.13
4,78.41,78.41,79.13
4,55.91,55.91,79.13
4,69.02,69.02,79.13
4,60.62,60.62,79.13
4,66.6,66.6,79.13
4,63.28,63.28,79.13
4,59.03,59.03,79.13
4,61,61,79.13
4,71.08,71.08,79.13
4,60.01,60.01,79.13
4,55.99,55.99,79.13
4,63.72,63.72,79.13
4,61.08,61.08,79.13
4,57.92,57.92,79.13
4,60,60,79.13
4,74.72,74.72,79.13
4,66.94,66.94,79.13
4,60.35,60.35,79.13
4,61.62,61.62,79.13
4,60.01,60.01,79.13
4,66.67,66.67,79.13
4,62.02,62.02,79.13
4,62.02,62.02,50.93
5,53.08,53.08,50.93
5,57.26,57.26,50.93
5,53.13,53.13,50.93
5,56.2,56.2,50.93
5,63.23,63.23,50.93
5,50.24,50.24,50.93
5,60.2,60.2,50.93
5,52.45,52.45,50.93
5,49.81,49.81,50.93
5,54.61,54.61,50.93
5,70.61,70.61,50.93
5,55.58,55.58,50.93
5,59.72,59.72,50.93
5,56.72,56.72,50.93
5,61.53,61.53,50.93
5,58.39,58.39,50.93
5,58.26,58.26,50.93
5,59.42,59.42,50.93
5,48.5,48.5,50.93
5,48.75,48.75,50.93
5,57.74,57.74,50.93
5,48.8,48.8,50.93
5,54.61,54.61,50.93
5,54.45,54.45,50.93
5,50.06,50.06,50.93
5,55.54,55.54,50.93
5,51.9,51.9,50.93
5,49.81,49.81,50.93
5,54.37,54.37,50.93
5,60.64,60.64,50.93
5,45.3,45.3,50.93
5,57.81,57.81,50.93
5,61.9,61.9,50.93
5,61.01,61.01,50.93
5,46.64,46.64,50.93
5,56.2,56.2,50.93
5,53.9,53.9,50.93
5,59.61,59.61,50.93
5,53.92,53.92,50.93
5,45.58,45.58,50.93
5,46.57,46.57,50.93
5,61.15,61.15,50.93
5,56.63,56.63,50.93
5,56.15,56.15,50.93
5,51.58,51.58,50.93
5,50.34,50.34,50.93
5,45.89,45.89,50.93
5,44.87,44.87,50.93
5,48.11,48.11,50.93
5,47.06,47.06,50.93
5,49.04,49.04,50.93
5,62.55,62.55,50.93
5,48.6,48.6,50.93
5,46.04,46.04,50.93
5,49.24,49.24,50.93
5,57.59,57.59,50.93
5,55.76,55.76,50.93
5,59.12,59.12,50.93
5,58.84,58.84,50.93
5,46.97,46.97,50.93
5,57.11,57.11,50.93
5,61.09,61.09,50.93
5,58.43,58.43,50.93
5,46.23,46.23,50.93
5,37.32,37.32,50.93
5,54.68,54.68,50.93
5,49.38,49.38,50.93
5,39.88,39.88,50.93
5,53.14,53.14,50.93
5,47.76,47.76,50.93
5,49.12,49.12,50.93
5,42.42,42.42,50.93
5,48.64,48.64,50.93
5,58.16,58.16,50.93
5,43.24,43.24,50.93
5,55.75,55.75,50.93
5,51.93,51.93,50.93
5,50.31,50.31,50.93
5,48.72,48.72,50.93
5,39.6,39.6,50.93
5,46.62,46.62,50.93
5,42.17,42.17,50.93
5,45.51,45.51,50.93
5,50.51,50.51,50.93
5,43.97,43.97,50.93
5,42.87,42.87,50.93
5,51.98,51.98,50.93
5,49.05,49.05,50.93
5,42.25,42.25,50.93
5,51.33,51.33,50.93
5,56.47,56.47,50.93
5,48.92,48.92,50.93
5,54.1,54.1,50.93
5,43.47,43.47,50.93
5,49.52,49.52,50.93
5,44.63,44.63,50.93
5,49.98,49.98,50.93
5,48.02,48.02,50.93
5,46.26,46.26,50.93
5,46.95,46.95,50.93
5,46.82,46.82,50.93
5,42.58,42.58,50.93
5,43.13,43.13,50.93
5,45.1,45.1,50.93
5,48.46,48.46,50.93
5,37.63,37.63,50.93
5,47.1,47.1,50.93
5,52.32,52.32,50.93
5,43.91,43.91,50.93
5,52.93,52.93,50.93
5,44.42,44.42,50.93
5,34.93,34.93,50.93
5,52.57,52.57,50.93
5,46.93,46.93,50.93
5,42.39,42.39,50.93
5,48.07,48.07,50.93
5,39.15,39.15,50.93
5,45.38,45.38,50.93
5,46.91,46.91,50.93
5,42.61,42.61,50.93
5,47.5,47.5,50.93
5,38.34,38.34,50.93
5,47.67,47.67,50.93
5,42.91,42.91,50.93
5,43.33,43.33,50.93
5,42.5,42.5,50.93
5,42.5,42.5,37.14
6,43.13,43.13,37.14
6,38.9,38.9,37.14
6,44.54,44.54,37.14
6,35.78,35.78,37.14
6,41.22,41.22,37.14
6,42.34,42.34,37.14
6,48.05,48.05,37.14
6,46.61,46.61,37.14
6,47.36,47.36,37.14
6,38.12,38.12,37.14
6,35.93,35.93,37.14
6,45.84,45.84,37.14
6,33.42,33.42,37.14
6,36.93,36.93,37.14
6,37.03,37.03,37.14
6,40.62,40.62,37.14
6,43.99,43.99,37.14
6,43.28,43.28,37.14
6,43.48,43.48,37.14
6,42.37,42.37,37.14
6,35.64,35.64,37.14
6,39.16,39.16,37.14
6,41,41,37.14
6,41.9,41.9,37.14
6,35.68,35.68,37.14
6,47.78,47.78,37.14
6,41.27,41.27,37.14
6,43.9,43.9,37.14
6,45.86,45.86,37.14
6,35.03,35.03,37.14
6,39.61,39.61,37.14
6,42.28,42.28,37.14
6,42.81,42.81,37.14
6,37.56,37.56,37.14
6,33.55,33.55,37.14
6,41.58,41.58,37.14
6,44.68,44.68,37.14
6,38.79,38.79,37.14
6,35.33,35.33,37.14
6,39.5,39.5,37.14
6,44.34,44.34,37.14
6,38.87,38.87,37.14
6,37.14,37.14,37.14
6,35.84,35.84,37.14
6,45.39,45.39,37.14
6,44.64,44.64,37.14
6,44.36,44.36,37.14
6,41.21,41.21,37.14
6,41,41,37.14
6,36.58,36.58,37.14
6,38.87,38.87,37.14
6,41.44,41.44,37.14
6,33.71,33.71,37.14
6,39.12,39.12,37.14
6,38.53,38.53,37.14
6,33.1,33.1,37.14
6,38.67,38.67,37.14
6,34.23,34.23,37.14
6,44.24,44.24,37.14
6,35.57,35.57,37.14
6,45.79,45.79,37.14
6,41.16,41.16,37.14
6,39.95,39.95,37.14
6,37.03,37.03,37.14
6,34.96,34.96,37.14
6,43.14,43.14,37.14
6,34.68,34.68,37.14
6,39.11,39.11,37.14
6,33.35,33.35,37.14
6,36.3,36.3,37.14
6,39.28,39.28,37.14
6,37.26,37.26,37.14
6,36.42,36.42,37.14
6,28.17,28.17,37.14
6,33.68,33.68,37.14
6,39.91,39.91,37.14
6,34.94,34.94,37.14
6,31.53,31.53,37.14
6,40.29,40.29,37.14
6,38.32,38.32,37.14
6,32.48,32.48,37.14
6,43.58,43.58,37.14
6,40.87,40.87,37.14
6,33.24,33.24,37.14
6,37.62,37.62,37.14
6,44.14,44.14,37.14
6,37.02,37.02,37.14
6,37.8,37.8,37.14
6,36.43,36.43,37.14
6,39.96,39.96,37.14
6,43.54,43.54,37.14
6,32.09,32.09,37.14
6,38.6,38.6,37.14
6,39.78,39.78,37.14
6,36.26,36.26,37.14
6,29.18,29.18,37.14
6,37.15,37.15,37.14
6,34.41,34.41,37.14
6,43.61,43.61,37.14
6,37.9,37.9,37.14
6,37.03,37.03,37.14
6,33.52,33.52,37.14
6,36.81,36.81,37.14
6,40.19,40.19,37.14
6,37.83,37.83,37.14
6,38.07,38.07,37.14
6,30.86,30.86,37.14
6,35.69,35.69,37.14
6,37.49,37.49,37.14
6,43.27,43.27,37.14
6,34.03,34.03,37.14
6,28.94,28.94,37.14
6,32.78,32.78,37.14
6,36.6,36.6,37.14
6,35.59,35.59,37.14
6,39.29,39.29,37.14
6,40.81,40.81,37.14
6,34.56,34.56,37.14
6,28.99,28.99,37.14
6,39.55,39.55,37.14
6,34.18,34.18,37.14
6,35.58,35.58,37.14
6,39.13,39.13,37.14
6,38.04,38.04,37.14
6,36.34,36.34,37.14
6,35.21,35.21,37.14
6,35.21,35.21,30.82
7,32.17,32.17,30.82
7,36.98,36.98,30.82
7,39.49,39.49,30.82
7,32.08,32.08,30.82
7,29.6,29.6,30.82
7,27.47,27.47,30.82
7,38.82,38.82,30.82
7,26.6,26.6,30.82
7,33.01,33.01,30.82
7,34.75,34.75,30.82
7,34.14,34.14,30.82
7,34.26,34.26,30.82
7,29.17,29.17,30.82
7,32.25,32.25,30.82
7,34.79,34.79,30.82
7,28.55,28.55,30.82
7,30.19,30.19,30.82
7,31.9,31.9,30.82
7,39.62,39.62,30.82
7,33.55,33.55,30.82
7,37.26,37.26,30.82
7,28.22,28.22,30.82
7,36.5,36.5,30.82
7,32.08,32.08,30.82
7,28.03,28.03,30.82
7,35.29,35.29,30.82
7,30.16,30.16,30.82
7,26.44,26.44,30.82
7,34.53,34.53,30.82
7,37.3,37.3,30.82
7,33.1,33.1,30.82
7,33.69,33.69,30.82
7,29.36,29.36,30.82
7,32.52,32.52,30.82
7,32.98,32.98,30.82
7,40.33,40.33,30.82
7,35.59,35.59,30.82
7,32.47,32.47,30.82
7,31.88,31.88,30.82
7,33.6,33.6,30.82
7,29.06,29.06,30.82
7,36.18,36.18,30.82
7,35.95,35.95,30.82
7,30.24,30.24,30.82
7,34.4,34.4,30.82
7,32.81,32.81,30.82
7,32.67,32.67,30.82
7,27.22,27.22,30.82
7,25.33,25.33,30.82
7,37.01,37.01,30.82
7,34.34,34.34,30.82
7,31.9,31.9,30.82
7,27.24,27.24,30.82
7,30.88,30.88,30.82
7,31.53,31.53,30.82
7,30.92,30.92,30.82
7,29.9,29.9,30.82
7,37.47,37.47,30.82
7,30.51,30.51,30.82
7,30.83,30.83,30.82
7,35.96,35.96,30.82
7,30.33,30.33,30.82
7,25.11,25.11,30.82
7,28.07,28.07,30.82
7,33.12,33.12,30.82
7,30.18,30.18,30.82
7,32.41,32.41,30.82
7,28.19,28.19,30.82
7,36.17,36.17,30.82
7,34.1,34.1,30.82
7,29.19,29.19,30.82
7,32.21,32.21,30.82
7,32.08,32.08,30.82
7,32.68,32.68,30.82
7,30.83,30.83,30.82
7,31.98,31.98,30.82
7,30.55,30.55,30.82
7,30.27,30.27,30.82
7,35.34,35.34,30.82
7,32.94,32.94,30.82
7,38.12,38.12,30.82
7,33.56,33.56,30.82
7,29.25,29.25,30.82
7,35.01,35.01,30.82
7,33.02,33.02,30.82
7,28.38,28.38,30.82
7,30.1,30.1,30.82
7,33.89,33.89,30.82
7,30.56,30.56,30.82
7,35.16,35.16,30.82
7,30.51,30.51,30.82
7,28.82,28.82,30.82
7,36.67,36.67,30.82
7,30.03,30.03,30.82
7,27.3,27.3,30.82
7,29.59,29.59,30.82
7,33.71,33.71,30.82
7,34.72,34.72,30.82
7,33.41,33.41,30.82
7,26.84,26.84,30.82
7,32.57,32.57,30.82
7,30.46,30.46,30.82
7,33.85,33.85,30.82
7,29.9,29.9,30.82
7,29.43,29.43,30.82
7,31.97,31.97,30.82
7,31.23,31.23,30.82
7,34.29,34.29,30.82
7,32.08,32.08,30.82
7,28.78,28.78,30.82
7,28.71,28.71,30.82
7,22.54,22.54,30.82
7,29.41,29.41,30.82
7,31.55,31.55,30.82
7,22.9,22.9,30.82
7,29.86,29.86,30.82
7,26.2,26.2,30.82
7,30.83,30.83,30.82
7,30.24,30.24,30.82
7,30.71,30.71,30.82
7,30.42,30.42,30.82
7,28.65,28.65,30.82
7,31.27,31.27,30.82
7,27.83,27.83,30.82
7,28.17,28.17,30.82
7,27.38,27.38,30.82
7,27.38,27.38,24.67
8,26.02,26.02,24.67
8,29.49,29.49,24.67
8,26.56,26.56,24.67
8,33.03,33.03,24.67
8,30.95,30.95,24.67
8,27.34,27.34,24.67
8,27.22,27.22,24.67
8,26.8,26.8,24.67
8,25.32,25.32,24.67
8,32.47,32.47,24.67
8,29.87,29.87,24.67
8,27.88,27.88,24.67
8,29.07,29.07,24.67
8,36.98,36.98,24.67
8,31.12,31.12,24.67
8,22.45,22.45,24.67
8,24.82,24.82,24.67
8,28.97,28.97,24.67
8,30.31,30.31,24.67
8,35.64,35.64,24.67
8,23.89,23.89,24.67
8,28.87,28.87,24.67
8,25.19,25.19,24.67
8,25.74,25.74,24.67
8,29.78,29.78,24.67
8,30.62,30.62,24.67
8,24.6,24.6,24.67
8,28.16,28.16,24.67
8,28.98,28.98,24.67
8,24.39,24.39,24.67
8,27.99,27.99,24.67
8,27.21,27.21,24.67
8,23.62,23.62,24.67
8,28.26,28.26,24.67
8,25.96,25.96,24.67
8,22.23,22.23,24.67
8,27.79,27.79,24.67
8,29.49,29.49,24.67
8,28.48,28.48,24.67
8,28.31,28.31,24.67
8,24.13,24.13,24.67
8,29.03,29.03,24.67
8,26.08,26.08,24.67
8,27.86,27.86,24.67
8,23.67,23.67,24.67
8,30.98,30.98,24.67
8,26.93,26.93,24.67
8,30.3,30.3,24.67
8,24.58,24.58,24.67
8,31.56,31.56,24.67
8,23.09,23.09,24.67
8,24.62,24.62,24.67
8,26.26,26.26,24.67
8,26.8,26.8,24.67
8,29.96,29.96,24.67
8,32.4,32.4,24.67
8,27.03,27.03,24.67
8,23.93,23.93,24.67
8,29.01,29.01,24.67
8,27.15,27.15,24.67
8,26.06,26.06,24.67
8,24.76,24.76,24.67
8,23.77,23.77,24.67
8,26.17,26.17,24.67
8,27.94,27.94,24.67
8,26.94,26.94,24.67
8,24.06,24.06,24.67
8,22.31,22.31,24.67
8,26.51,26.51,24.67
8,27.68,27.68,24.67
8,29.36,29.36,24.67
8,31.8,31.8,24.67
8,31.8,31.8,24.67
8,25.49,25.49,24.67
8,23.21,23.21,24.67
8,26.42,26.42,24.67
8,25.34,25.34,24.67
8,28.46,28.46,24.67
8,28.89,28.89,24.67
8,29.43,29.43,24.67
8,26.74,26.74,24.67
8,26.18,26.18,24.67
8,27.64,27.64,24.67
8,30.12,30.12,24.67
8,27.94,27.94,24.67
8,30.5,30.5,24.67
8,22.03,22.03,24.67
8,30.42,30.42,24.67
8,23.79,23.79,24.67
8,25.52,25.52,24.67
8,25.19,25.19,24.67
8,25.04,25.04,24.67
8,33.13,33.13,24.67
8,32.16,32.16,24.67
8,26.75,26.75,24.67
8,23.08,23.08,24.67
8,27.41,27.41,24.67
8,29.46,29.46,24.67
8,33.39,33.39,24.67
8,26.84,26.84,24.67
8,22.63,22.63,24.67
8,24.43,24.43,24.67
8,26.72,26.72,24.67
8,29.24,29.24,24.67
8,26.47,26.47,24.67
8,26.97,26.97,24.67
8,27.27,27.27,24.67
8,23.6,23.6,24.67
8,26.7,26.7,24.67
8,31.35,31.35,24.67
8,27.62,27.62,24.67
8,29.36,29.36,24.67
8,22.86,22.86,24.67
8,34.25,34.25,24.67
8,30.83,30.83,24.67
8,26.83,26.83,24.67
8,24.05,24.05,24.67
8,19.4,19.4,24.67
8,27.58,27.58,24.67
8,20.9,20.9,24.67
8,23.82,23.82,24.67
8,32,32,24.67
8,25.41,25.41,24.67
8,20.47,20.47,24.67
8,21.59,21.59,24.67
8,22.46,22.46,24.67
8,22.46,22.46,21.47
9,22.92,22.92,21.47
9,24.35,24.35,21.47
9,25.98,25.98,21.47
9,25.66,25.66,21.47
9,24.38,24.38,21.47
9,23.77,23.77,21.47
9,24.86,24.86,21.47
9,26.75,26.75,21.47
9,22.36,22.36,21.47
9,22.93,22.93,21.47
9,18.73,18.73,21.47
9,22.5,22.5,21.47
9,28.57,28.57,21.47
9,26.96,26.96,21.47
9,21.41,21.41,21.47
9,25.34,25.34,21.47
9,27.71,27.71,21.47
9,25.5,25.5,21.47
9,26.27,26.27,21.47
9,20.74,20.74,21.47
9,24.86,24.86,21.47
9,27.65,27.65,21.47
9,24.22,24.22,21.47
9,22.59,22.59,21.47
9,23.24,23.24,21.47
9,29.84,29.84,21.47
9,21.14,21.14,21.47
9,28.78,28.78,21.47
9,19.74,19.74,21.47
9,22.9,22.9,21.47
9,21.33,21.33,21.47
9,24.76,24.76,21.47
9,27.41,27.41,21.47
9,25.76,25.76,21.47
9,26.07,26.07,21.47
9,25.63,25.63,21.47
9,26.79,26.79,21.47
9,26.68,26.68,21.47
9,27.7,27.7,21.47
9,20.65,20.65,21.47
9,22.14,22.14,21.47
9,27.12,27.12,21.47
9,26.42,26.42,21.47
9,26.2,26.2,21.47
9,20.11,20.11,21.47
9,21.11,21.11,21.47
9,23.06,23.06,21.47
9,21.95,21.95,21.47
9,23.07,23.07,21.47
9,19.73,19.73,21.47
9,29.02,29.02,21.47
9,24.93,24.93,21.47
9,24.3,24.3,21.47
9,26.6,26.6,21.47
9,21.1,21.1,21.47
9,24.41,24.41,21.47
9,26.28,26.28,21.47
9,25.45,25.45,21.47
9,23.31,23.31,21.47
9,23.83,23.83,21.47
9,23.09,23.09,21.47
9,22.02,22.02,21.47
9,31.11,31.11,21.47
9,24.23,24.23,21.47
9,22.28,22.28,21.47
9,24.42,24.42,21.47
9,21.4,21.4,21.47
9,25.07,25.07,21.47
9,23.12,23.12,21.47
9,24.89,24.89,21.47
9,20.97,20.97,21.47
9,24.12,24.12,21.47
9,21.8,21.8,21.47
9,23.75,23.75,21.47
9,27.75,27.75,21.47
9,22.38,22.38,21.47
9,27.64,27.64,21.47
9,22.21,22.21,21.47
9,24.28,24.28,21.47
9,23.12,23.12,21.47
9,23.15,23.15,21.47
9,24.75,24.75,21.47
9,23.48,23.48,21.47
9,21.84,21.84,21.47
9,23.13,23.13,21.47
9,26.58,26.58,21.47
9,26.26,26.26,21.47
9,27.86,27.86,21.47
9,18.73,18.73,21.47
9,22.32,22.32,21.47
9,22.34,22.34,21.47
9,21.25,21.25,21.47
9,26.23,26.23,21.47
9,25.65,25.65,21.47
9,26.85,26.85,21.47
9,23.76,23.76,21.47
9,24.8,24.8,21.47
9,22.93,22.93,21.47
9,25.22,25.22,21.47
9,22.24,22.24,21.47
9,19.01,19.01,21.47
9,22.87,22.87,21.47
9,22.09,22.09,21.47
9,26.24,26.24,21.47
9,22.03,22.03,21.47
9,22.88,22.88,21.47
9,22.03,22.03,21.47
9,26,26,21.47
9,25.51,25.51,21.47
9,20.75,20.75,21.47
9,24.39,24.39,21.47
9,22.26,22.26,21.47
9,19.71,19.71,21.47
9,27.34,27.34,21.47
9,25.01,25.01,21.47
9,22.81,22.81,21.47
9,19.9,19.9,21.47
9,23.93,23.93,21.47
9,23.12,23.12,21.47
9,22.67,22.67,21.47
9,27.39,27.39,21.47
9,27.68,27.68,21.47
9,23.91,23.91,21.47
9,24.36,24.36,21.47
9,20.79,20.79,21.47
9,24.52,24.52,21.47
9,24.52,24.52,19.11
10,23.62,23.62,19.11
10,21.59,21.59,19.11
10,23.37,23.37,19.11
10,22.76,22.76,19.11
10,23.01,23.01,19.11
10,26.84,26.84,19.11
10,25.68,25.68,19.11
10,23.28,23.28,19.11
10,23.45,23.45,19.11
10,23.61,23.61,19.11
10,21.29,21.29,19.11
10,24.47,24.47,19.11
10,25.69,25.69,19.11
10,17.22,17.22,19.11
10,22.76,22.76,19.11
10,15.68,15.68,19.11
10,19.02,19.02,19.11
10,24.32,24.32,19.11
10,21.7,21.7,19.11
10,23.36,23.36,19.11
10,22.67,22.67,19.11
10,19.8,19.8,19.11
10,24.13,24.13,19.11
10,20.42,20.42,19.11
10,26.7,26.7,19.11
10,21.66,21.66,19.11
10,20.55,20.55,19.11
10,19.61,19.61,19.11
10,22.85,22.85,19.11
10,18.51,18.51,19.11
10,20.59,20.59,19.11
10,23.19,23.19,19.11
10,25.75,25.75,19.11
10,22.43,22.43,19.11
10,22.68,22.68,19.11
10,21.49,21.49,19.11
10,23.22,23.22,19.11
10,20.56,20.56,19.11
10,20.39,20.39,19.11
10,23.45,23.45,19.11
10,22.17,22.17,19.11
10,23.51,23.51,19.11
10,22.68,22.68,19.11
10,25.75,25.75,19.11
10,18.87,18.87,19.11
10,25.44,25.44,19.11
10,24.23,24.23,19.11
10,18.31,18.31,19.11
10,20.45,20.45,19.11
10,20.34,20.34,19.11
10,15.68,15.68,19.11
10,21.2,21.2,19.11
10,20.64,20.64,19.11
10,22.98,22.98,19.11
10,19.64,19.64,19.11
10,22.43,22.43,19.11
10,19.32,19.32,19.11
10,20.09,20.09,19.11
10,19.34,19.34,19.11
10,20.74,20.74,19.11
10,23.66,23.66,19.11
10,21.3,21.3,19.11
10,19.19,19.19,19.11
10,21.56,21.56,19.11
10,19.34,19.34,19.11
10,21.84,21.84,19.11
10,22.77,22.77,19.11
10,23.68,23.68,19.11
10,23.12,23.12,19.11
10,21.11,21.11,19.11
10,21.08,21.08,19.11
10,19.87,19.87,19.11
10,20.01,20.01,19.11
10,16.08,16.08,19.11
10,19.87,19.87,19.11
10,25.08,25.08,19.11
10,20.15,20.15,19.11
10,24.9,24.9,19.11
10,19.63,19.63,19.11
10,21.84,21.84,19.11
10,22.91,22.91,19.11
10,20.5,20.5,19.11
10,23.92,23.92,19.11
10,19.88,19.88,19.11
10,19.52,19.52,19.11
10,19.34,19.34,19.11
10,23.38,23.38,19.11
10,22.87,22.87,19.11
10,21.52,21.52,19.11
10,19.31,19.31,19.11
10,20.05,20.05,19.11
10,20.99,20.99,19.11
10,21.57,21.57,19.11
10,22.9,22.9,19.11
10,20.68,20.68,19.11
10,22.49,22.49,19.11
10,21.37,21.37,19.11
10,20.86,20.86,19.11
10,23.12,23.12,19.11
10,22.61,22.61,19.11
10,22.06,22.06,19.11
10,19.9,19.9,19.11
10,17.77,17.77,19.11
10,23.66,23.66,19.11
10,23.43,23.43,19.11
10,21.78,21.78,19.11
10,19.87,19.87,19.11
10,18.34,18.34,19.11
10,20.6,20.6,19.11
10,21.5,21.5,19.11
10,27.35,27.35,19.11
10,19.91,19.91,19.11
10,25.2,25.2,19.11
10,22.91,22.91,19.11
10,21.4,21.4,19.11
10,21.14,21.14,19.11
10,18.79,18.79,19.11
10,22.82,22.82,19.11
10,24.5,24.5,19.11
10,16.93,16.93,19.11
10,16.52,16.52,19.11
10,22.06,22.06,19.11
10,24.19,24.19,19.11
10,19.74,19.74,19.11
10,26.41,26.41,19.11
10,22.27,22.27,19.11
10,22.27,22.27,17.96
11,19.9,19.9,17.96
11,18.86,18.86,17.96
11,17.91,17.91,17.96
11,21.35,21.35,17.96
11,19.56,19.56,17.96
11,20.95,20.95,17.96
11,18.81,18.81,17.96
11,22.16,22.16,17.96
11,18.2,18.2,17.96
11,17.74,17.74,17.96
11,19.88,19.88,17.96
11,22.08,22.08,17.96
11,18.95,18.95,17.96
11,17.58,17.58,17.96
11,16.92,16.92,17.96
11,19.65,19.65,17.96
11,17.55,17.55,17.96
11,20.95,20.95,17.96
11,18.42,18.42,17.96
11,16.94,16.94,17.96
11,18.96,18.96,17.96
11,17.58,17.58,17.96
11,23.95,23.95,17.96
11,17.05,17.05,17.96
11,18.79,18.79,17.96
11,23.24,23.24,17.96
11,17.12,17.12,17.96
11,19.93,19.93,17.96
11,18.71,18.71,17.96
11,19.18,19.18,17.96
11,17.87,17.87,17.96
11,18.3,18.3,17.96
11,20,20,17.96
11,20.16,20.16,17.96
11,15.48,15.48,17.96
11,19.43,19.43,17.96
11,18.81,18.81,17.96
11,17.54,17.54,17.96
11,19.55,19.55,17.96
11,18.5,18.5,17.96
11,17.96,17.96,17.96
11,20.91,20.91,17.96
11,17.75,17.75,17.96
11,16.01,16.01,17.96
11,19.73,19.73,17.96
11,20.15,20.15,17.96
11,20.08,20.08,17.96
11,20.51,20.51,17.96
11,20.21,20.21,17.96
11,20.48,20.48,17.96
11,17.98,17.98,17.96
11,17.45,17.45,17.96
11,19.22,19.22,17.96
11,18.24,18.24,17.96
11,19.55,19.55,17.96
11,19.55,19.55,17.96
11,19.44,19.44,17.96
11,16.58,16.58,17.96
11,17.5,17.5,17.96
11,20.35,20.35,17.96
11,18.36,18.36,17.96
11,18.64,18.64,17.96
11,19.01,19.01,17.96
11,19.86,19.86,17.96
11,19.41,19.41,17.96
11,18.8,18.8,17.96
11,17.65,17.65,17.96
11,17.67,17.67,17.96
11,21.41,21.41,17.96
11,16.4,16.4,17.96
11,20.55,20.55,17.96
11,21.19,21.19,17.96
11,18.76,18.76,17.96
11,17.45,17.45,17.96
11,18.39,18.39,17.96
11,18.22,18.22,17.96
11,18.61,18.61,17.96
11,20.39,20.39,17.96
11,19.98,19.98,17.96
11,22.85,22.85,17.96
11,18.05,18.05,17.96
11,22.09,22.09,17.96
11,21.05,21.05,17.96
11,21.87,21.87,17.96
11,19.85,19.85,17.96
11,14.41,14.41,17.96
11,14.93,14.93,17.96
11,16.98,16.98,17.96
11,19.83,19.83,17.96
11,17.4,17.4,17.96
11,20.4,20.4,17.96
11,18,18,17.96
11,18.98,18.98,17.96
11,14.47,14.47,17.96
11,16.46,16.46,17.96
11,19.32,19.32,17.96
11,16.42,16.42,17.96
11,18.93,18.93,17.96
11,18.37,18.37,17.96
11,19.63,19.63,17.96
11,17.65,17.65,17.96
11,19.54,19.54,17.96
11,19.81,19.81,17.96
11,17.55,17.55,17.96
11,21.46,21.46,17.96
11,20.15,20.15,17.96
11,17.16,17.16,17.96
11,18.73,18.73,17.96
11,19.85,19.85,17.96
11,21.01,21.01,17.96
11,15.35,15.35,17.96
11,20.68,20.68,17.96
11,21.78,21.78,17.96
11,17.56,17.56,17.96
11,16.37,16.37,17.96
11,18.98,18.98,17.96
11,19.5,19.5,17.96
11,17.76,17.76,17.96
11,20.84,20.84,17.96
11,18.32,18.32,17.96
11,17.23,17.23,17.96
11,20.6,20.6,17.96
11,17.96,17.96,17.96
11,19.76,19.76,17.96
11,16.69,16.69,17.96
11,18.1,18.1,17.96
11,18.1,18.1,16.27
12,16.92,16.92,16.27
12,15.3,15.3,16.27
12,17.67,17.67,16.27
12,17.05,17.05,16.27
12,17.43,17.43,16.27
12,15.78,15.78,16.27
12,19.05,19.05,16.27
12,14.31,14.31,16.27
12,17.43,17.43,16.27
12,19.81,19.81,16.27
12,17.2,17.2,16.27
12,14.97,14.97,16.27
12,17.81,17.81,16.27
12,18.37,18.37,16.27
12,20.38,20.38,16.27
12,17.67,17.67,16.27
12,15.86,15.86,16.27
12,14.86,14.86,16.27
12,18.57,18.57,16.27
12,15.86,15.86,16.27
12,16.29,16.29,16.27
12,18.67,18.67,16.27
12,15.69,15.69,16.27
12,16.71,16.71,16.27
12,17.07,17.07,16.27
12,15.36,15.36,16.27
12,19.14,19.14,16.27
12,15.78,15.78,16.27
12,20.07,20.07,16.27
12,15.42,15.42,16.27
12,17.22,17.22,16.27
12,18.82,18.82,16.27
12,17.31,17.31,16.27
12,19.78,19.78,16.27
12,16.71,16.71,16.27
12,17.4,17.4,16.27
12,16.26,16.26,16.27
12,18.27,18.27,16.27
12,16.79,16.79,16.27
12,20.01,20.01,16.27
12,15.55,15.55,16.27
12,17.39,17.39,16.27
12,19.55,19.55,16.27
12,14.22,14.22,16.27
12,17.61,17.61,16.27
12,15.59,15.59,16.27
12,15.72,15.72,16.27
12,17.25,17.25,16.27
12,19.17,19.17,16.27
12,18.7,18.7,16.27
12,20.72,20.72,16.27
12,16.87,16.87,16.27
12,19.61,19.61,16.27
12,16.91,16.91,16.27
12,16.89,16.89,16.27
12,18.23,18.23,16.27
12,16.19,16.19,16.27
12,17.46,17.46,16.27
12,18.4,18.4,16.27
12,15.61,15.61,16.27
12,16.87,16.87,16.27
12,17.18,17.18,16.27
12,16.71,16.71,16.27
12,18.79,18.79,16.27
12,16.28,16.28,16.27
12,19.11,19.11,16.27
12,16.3,16.3,16.27
12,15.77,15.77,16.27
12,18.19,18.19,16.27
12,16.49,16.49,16.27
12,17.68,17.68,16.27
12,21.56,21.56,16.27
12,18.51,18.51,16.27
12,14.88,14.88,16.27
12,19.04,19.04,16.27
12,16.9,16.9,16.27
12,15.58,15.58,16.27
12,16.11,16.11,16.27
12,16.94,16.94,16.27
12,15.62,15.62,16.27
12,15.53,15.53,16.27
12,18.54,18.54,16.27
12,15.49,15.49,16.27
12,17.41,17.41,16.27
12,17.38,17.38,16.27
12,16.08,16.08,16.27
12,19.26,19.26,16.27
12,17.21,17.21,16.27
12,16.78,16.78,16.27
12,16.73,16.73,16.27
12,18.41,18.41,16.27
12,19.08,19.08,16.27
12,18.22,18.22,16.27
12,14.92,14.92,16.27
12,17.07,17.07,16.27
12,16.24,16.24,16.27
12,17.54,17.54,16.27
12,15.33,15.33,16.27
12,15.19,15.19,16.27
12,16.36,16.36,16.27
12,15.01,15.01,16.27
12,15.93,15.93,16.27
12,19.32,19.32,16.27
12,17.2,17.2,16.27
12,15.39,15.39,16.27
12,18.32,18.32,16.27
12,17.49,17.49,16.27
12,18.33,18.33,16.27
12,17.57,17.57,16.27
12,18.8,18.8,16.27
12,13.32,13.32,16.27
12,15.43,15.43,16.27
12,17.74,17.74,16.27
12,16.26,16.26,16.27
12,19.19,19.19,16.27
12,17.09,17.09,16.27
12,20.9,20.9,16.27
12,18.34,18.34,16.27
12,19.36,19.36,16.27
12,15.61,15.61,16.27
12,17.08,17.08,16.27
12,16.08,16.08,16.27
12,14.58,14.58,16.27
12,18.62,18.62,16.27
12,15.91,15.91,16.27
12,15.15,15.15,16.27
12,15.15,15.15,15.1
13,18.45,18.45,15.1
13,14.35,14.35,15.1
13,15.74,15.74,15.1
13,18.64,18.64,15.1
13,16.05,16.05,15.1
13,16.72,16.72,15.1
13,15.94,15.94,15.1
13,17.46,17.46,15.1
13,13.89,13.89,15.1
13,19.47,19.47,15.1
13,14.76,14.76,15.1
13,19.74,19.74,15.1
13,14.15,14.15,15.1
13,15.82,15.82,15.1
13,15.11,15.11,15.1
13,16.73,16.73,15.1
13,18.05,18.05,15.1
13,14.36,14.36,15.1
13,15.32,15.32,15.1
13,15.7,15.7,15.1
13,17.76,17.76,15.1
13,17.57,17.57,15.1
13,17.86,17.86,15.1
13,16.84,16.84,15.1
13,14.31,14.31,15.1
13,15.3,15.3,15.1
13,15.02,15.02,15.1
13,16.8,16.8,15.1
13,17.51,17.51,15.1
13,15.62,15.62,15.1
13,17.33,17.33,15.1
13,14.4,14.4,15.1
13,15.35,15.35,15.1
13,16.27,16.27,15.1
13,18.25,18.25,15.1
13,17.37,17.37,15.1
13,14.22,14.22,15.1
13,14.65,14.65,15.1
13,16.24,16.24,15.1
13,17.07,17.07,15.1
13,14.54,14.54,15.1
13,13.16,13.16,15.1
13,16.2,16.2,15.1
13,16.69,16.69,15.1
13,15.4,15.4,15.1
13,17.51,17.51,15.1
13,15.63,15.63,15.1
13,17.49,17.49,15.1
13,15.91,15.91,15.1
13,18.39,18.39,15.1
13,17.53,17.53,15.1
13,19.69,19.69,15.1
13,15.27,15.27,15.1
13,15.73,15.73,15.1
13,13.67,13.67,15.1
13,16.92,16.92,15.1
13,16.14,16.14,15.1
13,15.29,15.29,15.1
13,17.51,17.51,15.1
13,17.26,17.26,15.1
13,16.31,16.31,15.1
13,19.5,19.5,15.1
13,16,16,15.1
13,16.13,16.13,15.1
13,16.45,16.45,15.1
13,18.06,18.06,15.1
13,15.44,15.44,15.1
13,17.87,17.87,15.1
13,12.43,12.43,15.1
13,15.44,15.44,15.1
13,15,15,15.1
13,16.6,16.6,15.1
13,14.09,14.09,15.1
13,13.96,13.96,15.1
13,13.84,13.84,15.1
13,16.47,16.47,15.1
13,15.23,15.23,15.1
13,16.27,16.27,15.1
13,14.81,14.81,15.1
13,17.36,17.36,15.1
13,14.73,14.73,15.1
13,18.01,18.01,15.1
13,16.84,16.84,15.1
13,17.36,17.36,15.1
13,17.28,17.28,15.1
13,15.14,15.14,15.1
13,15.01,15.01,15.1
13,15.37,15.37,15.1
13,14.81,14.81,15.1
13,15.09,15.09,15.1
13,15.58,15.58,15.1
13,15.85,15.85,15.1
13,16.01,16.01,15.1
13,17.54,17.54,15.1
13,13.64,13.64,15.1
13,18.33,18.33,15.1
13,15.65,15.65,15.1
13,16.12,16.12,15.1
13,15.24,15.24,15.1
13,16.09,16.09,15.1
13,18.21,18.21,15.1
13,16.5,16.5,15.1
13,16.24,16.24,15.1
13,15.44,15.44,15.1
13,17.64,17.64,15.1
13,15.2,15.2,15.1
13,15.64,15.64,15.1
13,15.4,15.4,15.1
13,14.63,14.63,15.1
13,17.94,17.94,15.1
13,17.67,17.67,15.1
13,13.72,13.72,15.1
13,15.7,15.7,15.1
13,14.38,14.38,15.1
13,15.24,15.24,15.1
13,16.38,16.38,15.1
13,13.17,13.17,15.1
13,14.5,14.5,15.1
13,16.42,16.42,15.1
13,16.32,16.32,15.1
13,15.79,15.79,15.1
13,16,16,15.1
13,15.98,15.98,15.1
13,13.65,13.65,15.1
13,15.85,15.85,15.1
13,20.58,20.58,15.1
13,20.58,20.58,14.44
14,15.09,15.09,14.44
14,15.31,15.31,14.44
14,14.82,14.82,14.44
14,12.8,12.8,14.44
14,16.81,16.81,14.44
14,13.56,13.56,14.44
14,16.3,16.3,14.44
14,14.89,14.89,14.44
14,14.37,14.37,14.44
14,17.92,17.92,14.44
14,15.25,15.25,14.44
14,17.31,17.31,14.44
14,15.61,15.61,14.44
14,14.29,14.29,14.44
14,16.62,16.62,14.44
14,15.59,15.59,14.44
14,15.39,15.39,14.44
14,15.93,15.93,14.44
14,16.4,16.4,14.44
14,18.36,18.36,14.44
14,15.84,15.84,14.44
14,19.36,19.36,14.44
14,14.51,14.51,14.44
14,14.38,14.38,14.44
14,17.62,17.62,14.44
14,14.97,14.97,14.44
14,15.1,15.1,14.44
14,13.42,13.42,14.44
14,15.75,15.75,14.44
14,17,17,14.44
14,15.36,15.36,14.44
14,18.07,18.07,14.44
14,16.19,16.19,14.44
14,16.69,16.69,14.44
14,14.75,14.75,14.44
14,13.87,13.87,14.44
14,16.17,16.17,14.44
14,15.26,15.26,14.44
14,13.89,13.89,14.44
14,15.56,15.56,14.44
14,15.81,15.81,14.44
14,13.93,13.93,14.44
14,15.1,15.1,14.44
14,15.34,15.34,14.44
14,15.85,15.85,14.44
14,15.38,15.38,14.44
14,14.72,14.72,14.44
14,15.66,15.66,14.44
14,14.38,14.38,14.44
14,18.64,18.64,14.44
14,15.91,15.91,14.44
14,16.47,16.47,14.44
14,13.75,13.75,14.44
14,14.82,14.82,14.44
14,12.66,12.66,14.44
14,16.73,16.73,14.44
14,15.5,15.5,14.44
14,16.12,16.12,14.44
14,13.68,13.68,14.44
14,14.34,14.34,14.44
14,14.09,14.09,14.44
14,15.28,15.28,14.44
14,19.42,19.42,14.44
14,16.56,16.56,14.44
14,16.41,16.41,14.44
14,14.19,14.19,14.44
14,15.24,15.24,14.44
14,18.91,18.91,14.44
14,14.37,14.37,14.44
14,14.29,14.29,14.44
14,16.41,16.41,14.44
14,15.58,15.58,14.44
14,17.22,17.22,14.44
14,13.78,13.78,14.44
14,13.2,13.2,14.44
14,14.82,14.82,14.44
14,14.67,14.67,14.44
14,14.75,14.75,14.44
14,12.37,12.37,14.44
14,14.71,14.71,14.44
14,16.08,16.08,14.44
14,15.75,15.75,14.44
14,17.93,17.93,14.44
14,15.42,15.42,14.44
14,14.17,14.17,14.44
14,16.98,16.98,14.44
14,14.69,14.69,14.44
14,14.15,14.15,14.44
14,14.23,14.23,14.44
14,15.53,15.53,14.44
14,14,14,14.44
14,15.27,15.27,14.44
14,15.02,15.02,14.44
14,17.02,17.02,14.44
14,14.96,14.96,14.44
14,13.55,13.55,14.44
14,15.64,15.64,14.44
14,16.3,16.3,14.44
14,13.13,13.13,14.44
14,14.9,14.9,14.44
14,14.41,14.41,14.44
14,15.98,15.98,14.44
14,15.87,15.87,14.44
14,17.33,17.33,14.44
14,15.6,15.6,14.44
14,14.3,14.3,14.44
14,15.01,15.01,14.44
14,15.84,15.84,14.44
14,18.29,18.29,14.44
14,14.5,14.5,14.44
14,15.22,15.22,14.44
14,15.71,15.71,14.44
14,15.01,15.01,14.44
14,16.2,16.2,14.44
14,13.57,13.57,14.44
14,15.93,15.93,14.44
14,15.3,15.3,14.44
14,14.42,14.42,14.44
14,16.98,16.98,14.44
14,13.74,13.74,14.44
14,15.69,15.69,14.44
14,15.29,15.29,14.44
14,13.94,13.94,14.44
14,13.75,13.75,14.44
14,17.16,17.16,14.44
14,11.85,11.85,14.44
14,11.85,11.85,14.02
15,15.08,15.08,14.02
15,15.76,15.76,14.02
15,15.31,15.31,14.02
15,14.72,14.72,14.02
15,15.23,15.23,14.02
15,15.48,15.48,14.02
15,16.02,16.02,14.02
15,14.44,14.44,14.02
15,15.56,15.56,14.02
15,15.05,15.05,14.02
15,15.83,15.83,14.02
15,15.85,15.85,14.02
15,15.47,15.47,14.02
15,14.6,14.6,14.02
15,14.65,14.65,14.02
15,14.14,14.14,14.02
15,16.41,16.41,14.02
15,15.97,15.97,14.02
15,13.83,13.83,14.02
15,15.5,15.5,14.02
15,14.25,14.25,14.02
15,15.29,15.29,14.02
15,15.19,15.19,14.02
15,13.34,13.34,14.02
15,15.81,15.81,14.02
15,15.2,15.2,14.02
15,13.53,13.53,14.02
15,14.21,14.21,14.02
15,13.85,13.85,14.02
15,12.81,12.81,14.02
15,15.46,15.46,14.02
15,13.81,13.81,14.02
15,15.59,15.59,14.02
15,15.49,15.49,14.02
15,12.24,12.24,14.02
15,13.65,13.65,14.02
15,14.48,14.48,14.02
15,17.11,17.11,14.02
15,14.38,14.38,14.02
15,15.74,15.74,14.02
15,15,15,14.02
15,14.9,14.9,14.02
15,14.55,14.55,14.02
15,15.57,15.57,14.02
15,13.93,13.93,14.02
15,15.96,15.96,14.02
15,14.13,14.13,14.02
15,14.93,14.93,14.02
15,17.45,17.45,14.02
15,14.55,14.55,14.02
15,15.38,15.38,14.02
15,14.15,14.15,14.02
15,14.13,14.13,14.02
15,13.17,13.17,14.02
15,15.67,15.67,14.02
15,14.12,14.12,14.02
15,14.27,14.27,14.02
15,14.25,14.25,14.02
15,13.82,13.82,14.02
15,16.51,16.51,14.02
15,13.94,13.94,14.02
15,13.07,13.07,14.02
15,16.66,16.66,14.02
15,16.46,16.46,14.02
15,15.93,15.93,14.02
15,16.51,16.51,14.02
15,14.48,14.48,14.02
15,15.91,15.91,14.02
15,16.11,16.11,14.02
15,15.89,15.89,14.02
15,17.55,17.55,14.02
15,14.5,14.5,14.02
15,15.09,15.09,14.02
15,13.95,13.95,14.02
15,16.3,16.3,14.02
15,15.26,15.26,14.02
15,14.75,14.75,14.02
15,13.45,13.45,14.02
15,18.9,18.9,14.02
15,15.67,15.67,14.02
15,13.12,13.12,14.02
15,15.23,15.23,14.02
15,14.93,14.93,14.02
15,14.71,14.71,14.02
15,15.21,15.21,14.02
15,16.56,16.56,14.02
15,15.09,15.09,14.02
15,13.03,13.03,14.02
15,13.85,13.85,14.02
15,14.43,14.43,14.02
15,11.95,11.95,14.02
15,17.8,17.8,14.02
15,13.93,13.93,14.02
15,15.07,15.07,14.02
15,13.3,13.3,14.02
15,16.17,16.17,14.02
15,13.41,13.41,14.02
15,13.58,13.58,14.02
15,13.39,13.39,14.02
15,14.22,14.22,14.02
15,15.05,15.05,14.02
15,13.86,13.86,14.02
15,15.71,15.71,14.02
15,15.2,15.2,14.02
15,13.21,13.21,14.02
15,13.77,13.77,14.02
15,14.69,14.69,14.02
15,15.36,15.36,14.02
15,14.72,14.72,14.02
15,14.12,14.12,14.02
15,14.46,14.46,14.02
15,15.53,15.53,14.02
15,14.6,14.6,14.02
15,16.46,16.46,14.02
15,14.64,14.64,14.02
15,17.24,17.24,14.02
15,15.57,15.57,14.02
15,14.71,14.71,14.02
15,15.26,15.26,14.02
15,13.76,13.76,14.02
15,17.34,17.34,14.02
15,15.16,15.16,14.02
15,13.89,13.89,14.02
15,14.81,14.81,14.02
15,17.41,17.41,14.02
15,11.55,11.55,14.02
15,11.55,11.55,13.73
16,17.03,17.03,13.73
16,14.2,14.2,13.73
16,14,14,13.73
16,13.9,13.9,13.73
16,13.46,13.46,13.73
16,14.09,14.09,13.73
16,15.24,15.24,13.73
16,15.87,15.87,13.73
16,14.12,14.12,13.73
16,16.11,16.11,13.73
16,13.73,13.73,13.73
16,13.63,13.63,13.73
16,13.04,13.04,13.73
16,15.51,15.51,13.73
16,13.15,13.15,13.73
16,14.7,14.7,13.73
16,14.9,14.9,13.73
16,14.04,14.04,13.73
16,13.3,13.3,13.73
16,14.68,14.68,13.73
16,13.92,13.92,13.73
16,13.07,13.07,13.73
16,16.54,16.54,13.73
16,11.93,11.93,13.73
16,15.37,15.37,13.73
16,14.88,14.88,13.73
16,15.25,15.25,13.73
16,12.27,12.27,13.73
16,14.87,14.87,13.73
16,15.01,15.01,13.73
16,15.01,15.01,13.73
16,12.76,12.76,13.73
16,14.26,14.26,13.73
16,14.46,14.46,13.73
16,16.17,16.17,13.73
16,16.53,16.53,13.73
16,17.46,17.46,13.73
16,14.49,14.49,13.73
16,13.75,13.75,13.73
16,12.48,12.48,13.73
16,13.34,13.34,13.73
16,15.7,15.7,13.73
16,15.26,15.26,13.73
16,14.07,14.07,13.73
16,14.37,14.37,13.73
16,15.67,15.67,13.73
16,15.08,15.08,13.73
16,19.68,19.68,13.73
16,14.97,14.97,13.73
16,15.14,15.14,13.73
16,15.63,15.63,13.73
16,17.11,17.11,13.73
16,12.71,12.71,13.73
16,14.52,14.52,13.73
16,12.65,12.65,13.73
16,13,13,13.73
16,15.17,15.17,13.73
16,14.94,14.94,13.73
16,13.62,13.62,13.73
16,14.7,14.7,13.73
16,13.16,13.16,13.73
16,13.36,13.36,13.73
16,14.22,14.22,13.73
16,13.77,13.77,13.73
16,13.4,13.4,13.73
16,14.42,14.42,13.73
16,14.26,14.26,13.73
16,13.45,13.45,13.73
16,15.07,15.07,13.73
16,14.42,14.42,13.73
16,15.67,15.67,13.73
16,13.52,13.52,13.73
16,13.75,13.75,13.73
16,14.75,14.75,13.73
16,13.05,13.05,13.73
16,12.18,12.18,13.73
16,15.24,15.24,13.73
16,15.69,15.69,13.73
16,14,14,13.73
16,13.92,13.92,13.73
16,16.46,16.46,13.73
16,14.85,14.85,13.73
16,15.81,15.81,13.73
16,13.19,13.19,13.73
16,12.54,12.54,13.73
16,12.85,12.85,13.73
16,15.99,15.99,13.73
16,14.93,14.93,13.73
16,14.24,14.24,13.73
16,16.25,16.25,13.73
16,15.53,15.53,13.73
16,15.23,15.23,13.73
16,15.54,15.54,13.73
16,13.12,13.12,13.73
16,15.09,15.09,13.73
16,15.43,15.43,13.73
16,15.93,15.93,13.73
16,15.13,15.13,13.73
16,16.7,16.7,13.73
16,11.88,11.88,13.73
16,17.97,17.97,13.73
16,14.61,14.61,13.73
16,15.11,15.11,13.73
16,14.71,14.71,13.73
16,14.22,14.22,13.73
16,14.26,14.26,13.73
16,15.47,15.47,13.73
16,15.22,15.22,13.73
16,12.51,12.51,13.73
16,15.81,15.81,13.73
16,12.47,12.47,13.73
16,14.39,14.39,13.73
16,15.38,15.38,13.73
16,16.08,16.08,13.73
16,16.33,16.33,13.73
16,14.82,14.82,13.73
16,16.88,16.88,13.73
16,13.6,13.6,13.73
16,12.86,12.86,13.73
16,14.02,14.02,13.73
16,13.35,13.35,13.73
16,14.99,14.99,13.73
16,16.89,16.89,13.73
16,15.93,15.93,13.73
16,12.41,12.41,13.73
16,13.16,13.16,13.73
16,13.16,13.16,13.57
17,16.37,16.37,13.57
17,14.59,14.59,13.57
17,16.45,16.45,13.57
17,13.91,13.91,13.57
17,14.79,14.79,13.57
17,16.4,16.4,13.57
17,13.04,13.04,13.57
17,15.37,15.37,13.57
17,14.7,14.7,13.57
17,16.11,16.11,13.57
17,15.05,15.05,13.57
17,15.69,15.69,13.57
17,14.37,14.37,13.57
17,14.7,14.7,13.57
17,15.38,15.38,13.57
17,15.8,15.8,13.57
17,11.7,11.7,13.57
17,14.76,14.76,13.57
17,13.66,13.66,13.57
17,13.01,13.01,13.57
17,16,16,13.57
17,14.01,14.01,13.57
17,13.84,13.84,13.57
17,12.49,12.49,13.57
17,15.59,15.59,13.57
17,12.24,12.24,13.57
17,13.03,13.03,13.57
17,14.95,14.95,13.57
17,18.16,18.16,13.57
17,13.43,13.43,13.57
17,16.89,16.89,13.57
17,16.84,16.84,13.57
17,13.03,13.03,13.57
17,13.62,13.62,13.57
17,16.47,16.47,13.57
17,13.24,13.24,13.57
17,12.95,12.95,13.57
17,15.23,15.23,13.57
17,12.74,12.74,13.57
17,14.96,14.96,13.57
17,14.14,14.14,13.57
17,14.81,14.81,13.57
17,12.83,12.83,13.57
17,11.71,11.71,13.57
17,15.18,15.18,13.57
17,14.71,14.71,13.57
17,14.22,14.22,13.57
17,14.31,14.31,13.57
17,13.96,13.96,13.57
17,14.94,14.94,13.57
17,11.16,11.16,13.57
17,13.64,13.64,13.57
17,14.31,14.31,13.57
17,14.29,14.29,13.57
17,14.7,14.7,13.57
17,14.92,14.92,13.57
17,16.02,16.02,13.57
17,16.74,16.74,13.57
17,15.42,15.42,13.57
17,14.99,14.99,13.57
17,15.25,15.25,13.57
17,16.63,16.63,13.57
17,13.69,13.69,13.57
17,14.14,14.14,13.57
17,14,14,13.57
17,13.4,13.4,13.57
17,14.63,14.63,13.57
17,14.34,14.34,13.57
17,14.11,14.11,13.57
17,15.17,15.17,13.57
17,15.21,15.21,13.57
17,13.27,13.27,13.57
17,12.82,12.82,13.57
17,14.05,14.05,13.57
17,12.35,12.35,13.57
17,12.42,12.42,13.57
17,11.22,11.22,13.57
17,14.42,14.42,13.57
17,17.18,17.18,13.57
17,15.48,15.48,13.57
17,13.08,13.08,13.57
17,16.47,16.47,13.57
17,15.06,15.06,13.57
17,14.12,14.12,13.57
17,17.43,17.43,13.57
17,12.82,12.82,13.57
17,12.36,12.36,13.57
17,12.93,12.93,13.57
17,15.32,15.32,13.57
17,14.46,14.46,13.57
17,14.17,14.17,13.57
17,14,14,13.57
17,14.19,14.19,13.57
17,15.03,15.03,13.57
17,14.72,14.72,13.57
17,12.57,12.57,13.57
17,13.77,13.77,13.57
17,15.79,15.79,13.57
17,14.22,14.22,13.57
17,11.86,11.86,13.57
17,14.8,14.8,13.57
17,14.12,14.12,13.57
17,12.17,12.17,13.57
17,16.27,16.27,13.57
17,11.29,11.29,13.57
17,15.51,15.51,13.57
17,16.2,16.2,13.57
17,13.75,13.75,13.57
17,11.97,11.97,13.57
17,11.67,11.67,13.57
17,12.79,12.79,13.57
17,14.21,14.21,13.57
17,16.44,16.44,13.57
17,14.29,14.29,13.57
17,14.76,14.76,13.57
17,14.67,14.67,13.57
17,13.72,13.72,13.57
17,14.47,14.47,13.57
17,15.88,15.88,13.57
17,15.43,15.43,13.57
17,15.4,15.4,13.57
17,15.05,15.05,13.57
17,11.63,11.63,13.57
17,13.38,13.38,13.57
17,15.2,15.2,13.57
17,14.97,14.97,13.57
17,14.97,14.97,13.49
18,14.25,14.25,13.49
18,12.69,12.69,13.49
18,13.86,13.86,13.49
18,12.3,12.3,13.49
18,12.39,12.39,13.49
18,16.53,16.53,13.49
18,14.12,14.12,13.49
18,14.75,14.75,13.49
18,14.36,14.36,13.49
18,12.86,12.86,13.49
18,14.56,14.56,13.49
18,16.15,16.15,13.49
18,13.77,13.77,13.49
18,11.16,11.16,13.49
18,14.47,14.47,13.49
18,13.29,13.29,13.49
18,15.41,15.41,13.49
18,13.73,13.73,13.49
18,14.44,14.44,13.49
18,11.27,11.27,13.49
18,12.77,12.77,13.49
18,13.4,13.4,13.49
18,14.53,14.53,13.49
18,14.21,14.21,13.49
18,12.82,12.82,13.49
18,11.58,11.58,13.49
18,11.81,11.81,13.49
18,14.83,14.83,13.49
18,15.02,15.02,13.49
18,14.34,14.34,13.49
18,15.86,15.86,13.49
18,13.77,13.77,13.49
18,13.82,13.82,13.49
18,15.73,15.73,13.49
18,13.97,13.97,13.49
18,15.59,15.59,13.49
18,16.56,16.56,13.49
18,13.4,13.4,13.49
18,13.66,13.66,13.49
18,14.43,14.43,13.49
18,13.06,13.06,13.49
18,14.06,14.06,13.49
18,13.48,13.48,13.49
18,17.34,17.34,13.49
18,13.88,13.88,13.49
18,16.73,16.73,13.49
18,16.37,16.37,13.49
18,12.94,12.94,13.49
18,14.18,14.18,13.49
18,16.42,16.42,13.49
18,12.8,12.8,13.49
18,14.59,14.59,13.49
18,15.68,15.68,13.49
18,12.87,12.87,13.49
18,15.18,15.18,13.49
18,12.44,12.44,13.49
18,11.26,11.26,13.49
18,14.53,14.53,13.49
18,15.48,15.48,13.49
18,13.26,13.26,13.49
18,15.66,15.66,13.49
18,13.99,13.99,13.49
18,15.22,15.22,13.49
18,12.58,12.58,13.49
18,15.48,15.48,13.49
18,14.26,14.26,13.49
18,15.36,15.36,13.49
18,12.55,12.55,13.49
18,12.79,12.79,13.49
18,15.19,15.19,13.49
18,13.56,13.56,13.49
18,12.87,12.87,13.49
18,15.31,15.31,13.49
18,14.73,14.73,13.49
18,13.13,13.13,13.49
18,12.18,12.18,13.49
18,14.58,14.58,13.49
18,13.68,13.68,13.49
18,15.68,15.68,13.49
18,14.51,14.51,13.49
18,14.52,14.52,13.49
18,12.19,12.19,13.49
18,14.19,14.19,13.49
18,12.36,12.36,13.49
18,15.59,15.59,13.49
18,16.47,16.47,13.49
18,13.56,13.56,13.49
18,16.1,16.1,13.49
18,14.29,14.29,13.49
18,14.58,14.58,13.49
18,15.65,15.65,13.49
18,13.04,13.04,13.49
18,13.64,13.64,13.49
18,13.7,13.7,13.49
18,15.9,15.9,13.49
18,13.47,13.47,13.49
18,14.8,14.8,13.49
18,13.48,13.48,13.49
18,13.69,13.69,13.49
18,15.34,15.34,13.49
18,14.54,14.54,13.49
18,14.49,14.49,13.49
18,11.98,11.98,13.49
18,12.71,12.71,13.49
18,16.44,16.44,13.49
18,13.32,13.32,13.49
18,13.9,13.9,13.49
18,15.08,15.08,13.49
18,16.84,16.84,13.49
18,12.52,12.52,13.49
18,14.8,14.8,13.49
18,14.67,14.67,13.49
18,15.27,15.27,13.49
18,13.96,13.96,13.49
18,14.64,14.64,13.49
18,15.31,15.31,13.49
18,13.57,13.57,13.49
18,14.93,14.93,13.49
18,13.54,13.54,13.49
18,13.14,13.14,13.49
18,14.26,14.26,13.49
18,15.45,15.45,13.49
18,15.43,15.43,13.49
18,13.57,13.57,13.49
18,16.09,16.09,13.49
18,17.16,17.16,13.49
18,17.16,17.16,13.33
